[
  {
    "hotelId": 1,
    "hotelName": "Taj Hotel",
    "hotelCode": "GDN-0011",
    "location": "Mumbai",
 "contactNumber": "663020",   "description": "Leaf rake with 48-inch wooden handle.",
    "price": 7500.95,
    "starRating": 3.2,
    "imageUrl": "https://www.sarova-rembrandthotel.com/image-gallery/hotel-images/"
  },
  {
    "hotelId": 2,
    "hotelName": "Garden Cart",
    "hotelCode": "GDN-0023",
    "location": "Pune",
   "contactNumber": "332560",
   "description": "15 gallon capacity rolling garden cart",
    "price": 3500.99,
    "starRating": 4.2,
    "imageUrl": "https://openclipart.org/image/300px/svg_to_png/58471/garden_cart.png"
  },
  {
    "hotelId": 5,
    "hotelName": "Garamasala",
    "hotelCode": "TBX-0048",
    "location": "Hyderabad",
  "contactNumber": "235561",
   "description": "Curved claw steel hammer",
    "price": 8000.9,
    "starRating": 4.8,
    "imageUrl": "https://openclipart.org/image/300px/svg_to_png/73/rejon_Hammer.png"
  },
  {
    "hotelId": 8,
    "hotelName": 
"Novetel",
    "hotelCode": "TBX-0022",
   "location": "Bangalore",
 "contactNumber": "225643",
    "description": "15-inch steel blade hand saw",
    "price": 2000.55,
    "starRating": 3.7,
    "imageUrl": "https://openclipart.org/image/300px/svg_to_png/27070/egore911_saw.png"
  },
  {
    "hotelId": 10,
    "hotelName": "Game World",
    "hotelCode": "GMG-0042",
    "location": "Chennai",
 "contactNumber": "445687",   "description": "Standard two-button video game controller",
    "price": 9500.95,
    "starRating": 4.6,
    "imageUrl": "https://openclipart.org/image/300px/svg_to_png/120337/xbox-controller_01.png"
  }
]